www.tractorsupply.careers,Tractor Supply,6842
careers.cintas.com,Cintas,2399
careers.te.com,TE Connectivity,2073
jobs.l3harris.com,L3Harris,1924
jobs.crh.com,CRH plc,1851
jobs.supermicro.com,Supermicro,891
jobs.ametek.com,Ametek,728
jobs.halliburton.com,Halliburton,697
careers.dovercorporation.com,Dover Corporation,613
careers.hubbell.com,Hubbell Incorporated,572
jobs.exxonmobil.com,ExxonMobil,548
careers.teradyne.com,Teradyne,464
jobs.nucor.com,Nucor,362
careers.nrgenergy.com,NRG Energy,317
careers.westpharma.com,West Pharmaceutical Services,307
jobs.royalcaribbeangroup.com,Royal Caribbean Group,288
jobs.netapp.com,NetApp,281
jobs.nexteraenergy.com,NextEra Energy,278
jobs.mcdonalds.com,McDonald's,275
careers.mccormick.com,McCormick & Company,271
jobs.ball.com,Ball Corporation,262
jobs.entergy.com,Entergy,234
careers.vistra.com,Vistra Corp.,205
jobs.paccar.com,Paccar,204
careers.lyondellbasell.com,LyondellBasell,164
careers.pge.com,PG&E Corporation,123
jobs.aosmith.com,A. O. Smith,87
careers.altria.com,Altria,80
careers.dteenergy.com,DTE Energy,78
careers.dominionenergy.com,Dominion Energy,71
careers.phillips66.com,Phillips 66,63
careers.wecenergygroup.com,WEC Energy Group,43
careers.aflac.com,Aflac,28
careers.centerpointenergy.com,CenterPoint Energy,24
